<?xml version="1.0" encoding="UTF-8"?>
<kml xmlns="http://www.opengis.net/kml/2.2" xmlns:gx="http://www.google.com/kml/ext/2.2" xmlns:globalmapper="https://www.bluemarblegeo.com/globalmapper">
<Document>
<name>HKK_TOPO</name>
<Style>
  <ListStyle>
    <listItemType>checkHideChildren</listItemType>
  </ListStyle>
</Style>
        <Folder>
          <name>kml_image_HKK_TOPO_L4_5_2</name>
          <Region>
            <LatLonAltBox>
              <north>14.99385214272623656</north>
              <south>14.93032251664207344</south>
              <east>99.48624313711226819</east>
              <west>99.31497951352581310</west>
            </LatLonAltBox>
            <Lod>
              <minLodPixels>317</minLodPixels>
              <maxLodPixels>2049</maxLodPixels>
            </Lod>
          </Region>
          <GroundOverlay>
            <drawOrder>4</drawOrder>
            <gx:altitudeMode>clampToSeaFloor</gx:altitudeMode>
            <Icon>
              <href>kml_image_HKK_TOPO_L4_5_2.jpg</href>
            </Icon>
            <LatLonBox>
              <north>14.99385214272623656</north>
              <south>14.93032251664207344</south>
              <east>99.48624313711226819</east>
              <west>99.31497951352581310</west>
            </LatLonBox>
          </GroundOverlay>
          <Folder>
            <name>kml_image_HKK_TOPO_L5_10_4</name>
            <Region>
              <LatLonAltBox>
                <north>14.99385214272623656</north>
                <south>14.93032251664207344</south>
                <east>99.40061132531904775</east>
                <west>99.31497951352581310</west>
              </LatLonAltBox>
              <Lod>
                <minLodPixels>448</minLodPixels>
                <maxLodPixels>-1</maxLodPixels>
              </Lod>
            </Region>
            <GroundOverlay>
              <drawOrder>5</drawOrder>
              <gx:altitudeMode>clampToSeaFloor</gx:altitudeMode>
              <Icon>
                <href>kml_image_HKK_TOPO_L5_10_4.jpg</href>
              </Icon>
              <LatLonBox>
                <north>14.99385214272623656</north>
                <south>14.93032251664207344</south>
                <east>99.40061132531904775</east>
                <west>99.31497951352581310</west>
              </LatLonBox>
            </GroundOverlay>
          </Folder>
          <Folder>
            <name>kml_image_HKK_TOPO_L5_10_5</name>
            <Region>
              <LatLonAltBox>
                <north>14.99385214272623656</north>
                <south>14.93032251664207344</south>
                <east>99.48624313711226819</east>
                <west>99.40061132531904775</west>
              </LatLonAltBox>
              <Lod>
                <minLodPixels>448</minLodPixels>
                <maxLodPixels>-1</maxLodPixels>
              </Lod>
            </Region>
            <GroundOverlay>
              <drawOrder>5</drawOrder>
              <gx:altitudeMode>clampToSeaFloor</gx:altitudeMode>
              <Icon>
                <href>kml_image_HKK_TOPO_L5_10_5.jpg</href>
              </Icon>
              <LatLonBox>
                <north>14.99385214272623656</north>
                <south>14.93032251664207344</south>
                <east>99.48624313711226819</east>
                <west>99.40061132531904775</west>
              </LatLonBox>
            </GroundOverlay>
          </Folder>
        </Folder>
  <Folder>
    <name>kml_image_HKK_TOPO_L1_0_0</name>
    <Region>
      <LatLonAltBox>
        <north>15.82468658857786181</north>
        <south>14.93032251664207344</south>
        <east>99.48699576045810034</east>
        <west>98.97245226635291715</west>
      </LatLonAltBox>
      <Lod>
        <minLodPixels>32</minLodPixels>
        <maxLodPixels>2049</maxLodPixels>
      </Lod>
    </Region>
    <GroundOverlay>
      <drawOrder>1</drawOrder>
      <gx:altitudeMode>clampToSeaFloor</gx:altitudeMode>
      <Icon>
        <href>kml_image_HKK_TOPO_L1_0_0.jpg</href>
      </Icon>
      <LatLonBox>
        <north>15.82468658857786181</north>
        <south>14.93032251664207344</south>
        <east>99.48699576045810034</east>
        <west>98.97245226635291715</west>
      </LatLonBox>
    </GroundOverlay>
    <Folder>
      <name>kml_image_HKK_TOPO_L2_0_0</name>
      <Region>
        <LatLonAltBox>
          <north>15.82468658857786181</north>
          <south>15.16001903189656197</south>
          <east>99.48699576045810034</east>
          <west>98.97245226635291715</west>
        </LatLonAltBox>
        <Lod>
          <minLodPixels>444</minLodPixels>
          <maxLodPixels>2049</maxLodPixels>
        </Lod>
      </Region>
      <GroundOverlay>
        <drawOrder>2</drawOrder>
        <gx:altitudeMode>clampToSeaFloor</gx:altitudeMode>
        <Icon>
          <href>kml_image_HKK_TOPO_L2_0_0.jpg</href>
        </Icon>
        <LatLonBox>
          <north>15.82468658857786181</north>
          <south>15.16001903189656197</south>
          <east>99.48699576045810034</east>
          <west>98.97245226635291715</west>
        </LatLonBox>
      </GroundOverlay>
      <Folder>
        <name>kml_image_HKK_TOPO_L3_0_0</name>
        <Region>
          <LatLonAltBox>
            <north>15.82468658857786181</north>
            <south>15.49235281023721100</south>
            <east>99.31497951352581310</east>
            <west>98.97245226635291715</west>
          </LatLonAltBox>
          <Lod>
            <minLodPixels>512</minLodPixels>
            <maxLodPixels>2049</maxLodPixels>
          </Lod>
        </Region>
        <GroundOverlay>
          <drawOrder>3</drawOrder>
          <gx:altitudeMode>clampToSeaFloor</gx:altitudeMode>
          <Icon>
            <href>kml_image_HKK_TOPO_L3_0_0.jpg</href>
          </Icon>
          <LatLonBox>
            <north>15.82468658857786181</north>
            <south>15.49235281023721100</south>
            <east>99.31497951352581310</east>
            <west>98.97245226635291715</west>
          </LatLonBox>
        </GroundOverlay>
        <Folder>
          <name>kml_image_HKK_TOPO_L4_0_0</name>
          <Region>
            <LatLonAltBox>
              <north>15.82468658857786181</north>
              <south>15.65851969940753641</south>
              <east>99.14371588993937223</east>
              <west>98.97245226635291715</west>
            </LatLonAltBox>
            <Lod>
              <minLodPixels>512</minLodPixels>
              <maxLodPixels>2049</maxLodPixels>
            </Lod>
          </Region>
          <GroundOverlay>
            <drawOrder>4</drawOrder>
            <gx:altitudeMode>clampToSeaFloor</gx:altitudeMode>
            <Icon>
              <href>kml_image_HKK_TOPO_L4_0_0.jpg</href>
            </Icon>
            <LatLonBox>
              <north>15.82468658857786181</north>
              <south>15.65851969940753641</south>
              <east>99.14371588993937223</east>
              <west>98.97245226635291715</west>
            </LatLonBox>
          </GroundOverlay>
          <Folder>
            <name>kml_image_HKK_TOPO_L5_0_0</name>
            <Region>
              <LatLonAltBox>
                <north>15.82468658857786181</north>
                <south>15.74160314399270000</south>
                <east>99.05808407814613759</east>
                <west>98.97245226635291715</west>
              </LatLonAltBox>
              <Lod>
                <minLodPixels>512</minLodPixels>
                <maxLodPixels>-1</maxLodPixels>
              </Lod>
            </Region>
            <GroundOverlay>
              <drawOrder>5</drawOrder>
              <gx:altitudeMode>clampToSeaFloor</gx:altitudeMode>
              <Icon>
                <href>kml_image_HKK_TOPO_L5_0_0.jpg</href>
              </Icon>
              <LatLonBox>
                <north>15.82468658857786181</north>
                <south>15.74160314399270000</south>
                <east>99.05808407814613759</east>
                <west>98.97245226635291715</west>
              </LatLonBox>
            </GroundOverlay>
          </Folder>
          <Folder>
            <name>kml_image_HKK_TOPO_L5_0_1</name>
            <Region>
              <LatLonAltBox>
                <north>15.82468658857786181</north>
                <south>15.74160314399270000</south>
                <east>99.14371588993937223</east>
                <west>99.05808407814613759</west>
              </LatLonAltBox>
              <Lod>
                <minLodPixels>512</minLodPixels>
                <maxLodPixels>-1</maxLodPixels>
              </Lod>
            </Region>
            <GroundOverlay>
              <drawOrder>5</drawOrder>
              <gx:altitudeMode>clampToSeaFloor</gx:altitudeMode>
              <Icon>
                <href>kml_image_HKK_TOPO_L5_0_1.jpg</href>
              </Icon>
              <LatLonBox>
                <north>15.82468658857786181</north>
                <south>15.74160314399270000</south>
                <east>99.14371588993937223</east>
                <west>99.05808407814613759</west>
              </LatLonBox>
            </GroundOverlay>
          </Folder>
          <Folder>
            <name>kml_image_HKK_TOPO_L5_1_0</name>
            <Region>
              <LatLonAltBox>
                <north>15.74160314399270000</north>
                <south>15.65851969940753641</south>
                <east>99.05808407814613759</east>
                <west>98.97245226635291715</west>
              </LatLonAltBox>
              <Lod>
                <minLodPixels>512</minLodPixels>
                <maxLodPixels>-1</maxLodPixels>
              </Lod>
            </Region>
            <GroundOverlay>
              <drawOrder>5</drawOrder>
              <gx:altitudeMode>clampToSeaFloor</gx:altitudeMode>
              <Icon>
                <href>kml_image_HKK_TOPO_L5_1_0.jpg</href>
              </Icon>
              <LatLonBox>
                <north>15.74160314399270000</north>
                <south>15.65851969940753641</south>
                <east>99.05808407814613759</east>
                <west>98.97245226635291715</west>
              </LatLonBox>
            </GroundOverlay>
          </Folder>
          <Folder>
            <name>kml_image_HKK_TOPO_L5_1_1</name>
            <Region>
              <LatLonAltBox>
                <north>15.74160314399270000</north>
                <south>15.65851969940753641</south>
                <east>99.14371588993937223</east>
                <west>99.05808407814613759</west>
              </LatLonAltBox>
              <Lod>
                <minLodPixels>512</minLodPixels>
                <maxLodPixels>-1</maxLodPixels>
              </Lod>
            </Region>
            <GroundOverlay>
              <drawOrder>5</drawOrder>
              <gx:altitudeMode>clampToSeaFloor</gx:altitudeMode>
              <Icon>
                <href>kml_image_HKK_TOPO_L5_1_1.jpg</href>
              </Icon>
              <LatLonBox>
                <north>15.74160314399270000</north>
                <south>15.65851969940753641</south>
                <east>99.14371588993937223</east>
                <west>99.05808407814613759</west>
              </LatLonBox>
            </GroundOverlay>
          </Folder>
        </Folder>
        <Folder>
          <name>kml_image_HKK_TOPO_L4_0_1</name>
          <Region>
            <LatLonAltBox>
              <north>15.82468658857786181</north>
              <south>15.65851969940753641</south>
              <east>99.31497951352581310</east>
              <west>99.14371588993937223</west>
            </LatLonAltBox>
            <Lod>
              <minLodPixels>512</minLodPixels>
              <maxLodPixels>2049</maxLodPixels>
            </Lod>
          </Region>
          <GroundOverlay>
            <drawOrder>4</drawOrder>
            <gx:altitudeMode>clampToSeaFloor</gx:altitudeMode>
            <Icon>
              <href>kml_image_HKK_TOPO_L4_0_1.jpg</href>
            </Icon>
            <LatLonBox>
              <north>15.82468658857786181</north>
              <south>15.65851969940753641</south>
              <east>99.31497951352581310</east>
              <west>99.14371588993937223</west>
            </LatLonBox>
          </GroundOverlay>
          <Folder>
            <name>kml_image_HKK_TOPO_L5_0_2</name>
            <Region>
              <LatLonAltBox>
                <north>15.82468658857786181</north>
                <south>15.74160314399270000</south>
                <east>99.22934770173259267</east>
                <west>99.14371588993937223</west>
              </LatLonAltBox>
              <Lod>
                <minLodPixels>512</minLodPixels>
                <maxLodPixels>-1</maxLodPixels>
              </Lod>
            </Region>
            <GroundOverlay>
              <drawOrder>5</drawOrder>
              <gx:altitudeMode>clampToSeaFloor</gx:altitudeMode>
              <Icon>
                <href>kml_image_HKK_TOPO_L5_0_2.jpg</href>
              </Icon>
              <LatLonBox>
                <north>15.82468658857786181</north>
                <south>15.74160314399270000</south>
                <east>99.22934770173259267</east>
                <west>99.14371588993937223</west>
              </LatLonBox>
            </GroundOverlay>
          </Folder>
          <Folder>
            <name>kml_image_HKK_TOPO_L5_0_3</name>
            <Region>
              <LatLonAltBox>
                <north>15.82468658857786181</north>
                <south>15.74160314399270000</south>
                <east>99.31497951352581310</east>
                <west>99.22934770173259267</west>
              </LatLonAltBox>
              <Lod>
                <minLodPixels>512</minLodPixels>
                <maxLodPixels>-1</maxLodPixels>
              </Lod>
            </Region>
            <GroundOverlay>
              <drawOrder>5</drawOrder>
              <gx:altitudeMode>clampToSeaFloor</gx:altitudeMode>
              <Icon>
                <href>kml_image_HKK_TOPO_L5_0_3.jpg</href>
              </Icon>
              <LatLonBox>
                <north>15.82468658857786181</north>
                <south>15.74160314399270000</south>
                <east>99.31497951352581310</east>
                <west>99.22934770173259267</west>
              </LatLonBox>
            </GroundOverlay>
          </Folder>
          <Folder>
            <name>kml_image_HKK_TOPO_L5_1_2</name>
            <Region>
              <LatLonAltBox>
                <north>15.74160314399270000</north>
                <south>15.65851969940753641</south>
                <east>99.22934770173259267</east>
                <west>99.14371588993937223</west>
              </LatLonAltBox>
              <Lod>
                <minLodPixels>512</minLodPixels>
                <maxLodPixels>-1</maxLodPixels>
              </Lod>
            </Region>
            <GroundOverlay>
              <drawOrder>5</drawOrder>
              <gx:altitudeMode>clampToSeaFloor</gx:altitudeMode>
              <Icon>
                <href>kml_image_HKK_TOPO_L5_1_2.jpg</href>
              </Icon>
              <LatLonBox>
                <north>15.74160314399270000</north>
                <south>15.65851969940753641</south>
                <east>99.22934770173259267</east>
                <west>99.14371588993937223</west>
              </LatLonBox>
            </GroundOverlay>
          </Folder>
          <Folder>
            <name>kml_image_HKK_TOPO_L5_1_3</name>
            <Region>
              <LatLonAltBox>
                <north>15.74160314399270000</north>
                <south>15.65851969940753641</south>
                <east>99.31497951352581310</east>
                <west>99.22934770173259267</west>
              </LatLonAltBox>
              <Lod>
                <minLodPixels>512</minLodPixels>
                <maxLodPixels>-1</maxLodPixels>
              </Lod>
            </Region>
            <GroundOverlay>
              <drawOrder>5</drawOrder>
              <gx:altitudeMode>clampToSeaFloor</gx:altitudeMode>
              <Icon>
                <href>kml_image_HKK_TOPO_L5_1_3.jpg</href>
              </Icon>
              <LatLonBox>
                <north>15.74160314399270000</north>
                <south>15.65851969940753641</south>
                <east>99.31497951352581310</east>
                <west>99.22934770173259267</west>
              </LatLonBox>
            </GroundOverlay>
          </Folder>
        </Folder>
        <Folder>
          <name>kml_image_HKK_TOPO_L4_1_0</name>
          <Region>
            <LatLonAltBox>
              <north>15.65851969940753641</north>
              <south>15.49235281023721100</south>
              <east>99.14371588993937223</east>
              <west>98.97245226635291715</west>
            </LatLonAltBox>
            <Lod>
              <minLodPixels>512</minLodPixels>
              <maxLodPixels>2049</maxLodPixels>
            </Lod>
          </Region>
          <GroundOverlay>
            <drawOrder>4</drawOrder>
            <gx:altitudeMode>clampToSeaFloor</gx:altitudeMode>
            <Icon>
              <href>kml_image_HKK_TOPO_L4_1_0.jpg</href>
            </Icon>
            <LatLonBox>
              <north>15.65851969940753641</north>
              <south>15.49235281023721100</south>
              <east>99.14371588993937223</east>
              <west>98.97245226635291715</west>
            </LatLonBox>
          </GroundOverlay>
          <Folder>
            <name>kml_image_HKK_TOPO_L5_2_0</name>
            <Region>
              <LatLonAltBox>
                <north>15.65851969940753641</north>
                <south>15.57543625482237459</south>
                <east>99.05808407814613759</east>
                <west>98.97245226635291715</west>
              </LatLonAltBox>
              <Lod>
                <minLodPixels>512</minLodPixels>
                <maxLodPixels>-1</maxLodPixels>
              </Lod>
            </Region>
            <GroundOverlay>
              <drawOrder>5</drawOrder>
              <gx:altitudeMode>clampToSeaFloor</gx:altitudeMode>
              <Icon>
                <href>kml_image_HKK_TOPO_L5_2_0.jpg</href>
              </Icon>
              <LatLonBox>
                <north>15.65851969940753641</north>
                <south>15.57543625482237459</south>
                <east>99.05808407814613759</east>
                <west>98.97245226635291715</west>
              </LatLonBox>
            </GroundOverlay>
          </Folder>
          <Folder>
            <name>kml_image_HKK_TOPO_L5_2_1</name>
            <Region>
              <LatLonAltBox>
                <north>15.65851969940753641</north>
                <south>15.57543625482237459</south>
                <east>99.14371588993937223</east>
                <west>99.05808407814613759</west>
              </LatLonAltBox>
              <Lod>
                <minLodPixels>512</minLodPixels>
                <maxLodPixels>-1</maxLodPixels>
              </Lod>
            </Region>
            <GroundOverlay>
              <drawOrder>5</drawOrder>
              <gx:altitudeMode>clampToSeaFloor</gx:altitudeMode>
              <Icon>
                <href>kml_image_HKK_TOPO_L5_2_1.jpg</href>
              </Icon>
              <LatLonBox>
                <north>15.65851969940753641</north>
                <south>15.57543625482237459</south>
                <east>99.14371588993937223</east>
                <west>99.05808407814613759</west>
              </LatLonBox>
            </GroundOverlay>
          </Folder>
          <Folder>
            <name>kml_image_HKK_TOPO_L5_3_0</name>
            <Region>
              <LatLonAltBox>
                <north>15.57543625482237459</north>
                <south>15.49235281023721100</south>
                <east>99.05808407814613759</east>
                <west>98.97245226635291715</west>
              </LatLonAltBox>
              <Lod>
                <minLodPixels>512</minLodPixels>
                <maxLodPixels>-1</maxLodPixels>
              </Lod>
            </Region>
            <GroundOverlay>
              <drawOrder>5</drawOrder>
              <gx:altitudeMode>clampToSeaFloor</gx:altitudeMode>
              <Icon>
                <href>kml_image_HKK_TOPO_L5_3_0.jpg</href>
              </Icon>
              <LatLonBox>
                <north>15.57543625482237459</north>
                <south>15.49235281023721100</south>
                <east>99.05808407814613759</east>
                <west>98.97245226635291715</west>
              </LatLonBox>
            </GroundOverlay>
          </Folder>
          <Folder>
            <name>kml_image_HKK_TOPO_L5_3_1</name>
            <Region>
              <LatLonAltBox>
                <north>15.57543625482237459</north>
                <south>15.49235281023721100</south>
                <east>99.14371588993937223</east>
                <west>99.05808407814613759</west>
              </LatLonAltBox>
              <Lod>
                <minLodPixels>512</minLodPixels>
                <maxLodPixels>-1</maxLodPixels>
              </Lod>
            </Region>
            <GroundOverlay>
              <drawOrder>5</drawOrder>
              <gx:altitudeMode>clampToSeaFloor</gx:altitudeMode>
              <Icon>
                <href>kml_image_HKK_TOPO_L5_3_1.jpg</href>
              </Icon>
              <LatLonBox>
                <north>15.57543625482237459</north>
                <south>15.49235281023721100</south>
                <east>99.14371588993937223</east>
                <west>99.05808407814613759</west>
              </LatLonBox>
            </GroundOverlay>
          </Folder>
        </Folder>
        <Folder>
          <name>kml_image_HKK_TOPO_L4_1_1</name>
          <Region>
            <LatLonAltBox>
              <north>15.65851969940753641</north>
              <south>15.49235281023721100</south>
              <east>99.31497951352581310</east>
              <west>99.14371588993937223</west>
            </LatLonAltBox>
            <Lod>
              <minLodPixels>512</minLodPixels>
              <maxLodPixels>2049</maxLodPixels>
            </Lod>
          </Region>
          <GroundOverlay>
            <drawOrder>4</drawOrder>
            <gx:altitudeMode>clampToSeaFloor</gx:altitudeMode>
            <Icon>
              <href>kml_image_HKK_TOPO_L4_1_1.jpg</href>
            </Icon>
            <LatLonBox>
              <north>15.65851969940753641</north>
              <south>15.49235281023721100</south>
              <east>99.31497951352581310</east>
              <west>99.14371588993937223</west>
            </LatLonBox>
          </GroundOverlay>
          <Folder>
            <name>kml_image_HKK_TOPO_L5_2_2</name>
            <Region>
              <LatLonAltBox>
                <north>15.65851969940753641</north>
                <south>15.57543625482237459</south>
                <east>99.22934770173259267</east>
                <west>99.14371588993937223</west>
              </LatLonAltBox>
              <Lod>
                <minLodPixels>512</minLodPixels>
                <maxLodPixels>-1</maxLodPixels>
              </Lod>
            </Region>
            <GroundOverlay>
              <drawOrder>5</drawOrder>
              <gx:altitudeMode>clampToSeaFloor</gx:altitudeMode>
              <Icon>
                <href>kml_image_HKK_TOPO_L5_2_2.jpg</href>
              </Icon>
              <LatLonBox>
                <north>15.65851969940753641</north>
                <south>15.57543625482237459</south>
                <east>99.22934770173259267</east>
                <west>99.14371588993937223</west>
              </LatLonBox>
            </GroundOverlay>
          </Folder>
          <Folder>
            <name>kml_image_HKK_TOPO_L5_2_3</name>
            <Region>
              <LatLonAltBox>
                <north>15.65851969940753641</north>
                <south>15.57543625482237459</south>
                <east>99.31497951352581310</east>
                <west>99.22934770173259267</west>
              </LatLonAltBox>
              <Lod>
                <minLodPixels>512</minLodPixels>
                <maxLodPixels>-1</maxLodPixels>
              </Lod>
            </Region>
            <GroundOverlay>
              <drawOrder>5</drawOrder>
              <gx:altitudeMode>clampToSeaFloor</gx:altitudeMode>
              <Icon>
                <href>kml_image_HKK_TOPO_L5_2_3.jpg</href>
              </Icon>
              <LatLonBox>
                <north>15.65851969940753641</north>
                <south>15.57543625482237459</south>
                <east>99.31497951352581310</east>
                <west>99.22934770173259267</west>
              </LatLonBox>
            </GroundOverlay>
          </Folder>
          <Folder>
            <name>kml_image_HKK_TOPO_L5_3_2</name>
            <Region>
              <LatLonAltBox>
                <north>15.57543625482237459</north>
                <south>15.49235281023721100</south>
                <east>99.22934770173259267</east>
                <west>99.14371588993937223</west>
              </LatLonAltBox>
              <Lod>
                <minLodPixels>512</minLodPixels>
                <maxLodPixels>-1</maxLodPixels>
              </Lod>
            </Region>
            <GroundOverlay>
              <drawOrder>5</drawOrder>
              <gx:altitudeMode>clampToSeaFloor</gx:altitudeMode>
              <Icon>
                <href>kml_image_HKK_TOPO_L5_3_2.jpg</href>
              </Icon>
              <LatLonBox>
                <north>15.57543625482237459</north>
                <south>15.49235281023721100</south>
                <east>99.22934770173259267</east>
                <west>99.14371588993937223</west>
              </LatLonBox>
            </GroundOverlay>
          </Folder>
          <Folder>
            <name>kml_image_HKK_TOPO_L5_3_3</name>
            <Region>
              <LatLonAltBox>
                <north>15.57543625482237459</north>
                <south>15.49235281023721100</south>
                <east>99.31497951352581310</east>
                <west>99.22934770173259267</west>
              </LatLonAltBox>
              <Lod>
                <minLodPixels>512</minLodPixels>
                <maxLodPixels>-1</maxLodPixels>
              </Lod>
            </Region>
            <GroundOverlay>
              <drawOrder>5</drawOrder>
              <gx:altitudeMode>clampToSeaFloor</gx:altitudeMode>
              <Icon>
                <href>kml_image_HKK_TOPO_L5_3_3.jpg</href>
              </Icon>
              <LatLonBox>
                <north>15.57543625482237459</north>
                <south>15.49235281023721100</south>
                <east>99.31497951352581310</east>
                <west>99.22934770173259267</west>
              </LatLonBox>
            </GroundOverlay>
          </Folder>
        </Folder>
      </Folder>
      <Folder>
        <name>kml_image_HKK_TOPO_L3_0_1</name>
        <Region>
          <LatLonAltBox>
            <north>15.82468658857786181</north>
            <south>15.49235281023721100</south>
            <east>99.48699576045810034</east>
            <west>99.31497951352581310</west>
          </LatLonAltBox>
          <Lod>
            <minLodPixels>363</minLodPixels>
            <maxLodPixels>2049</maxLodPixels>
          </Lod>
        </Region>
        <GroundOverlay>
          <drawOrder>3</drawOrder>
          <gx:altitudeMode>clampToSeaFloor</gx:altitudeMode>
          <Icon>
            <href>kml_image_HKK_TOPO_L3_0_1.jpg</href>
          </Icon>
          <LatLonBox>
            <north>15.82468658857786181</north>
            <south>15.49235281023721100</south>
            <east>99.48699576045810034</east>
            <west>99.31497951352581310</west>
          </LatLonBox>
        </GroundOverlay>
        <Folder>
          <name>kml_image_HKK_TOPO_L4_0_2</name>
          <Region>
            <LatLonAltBox>
              <north>15.82468658857786181</north>
              <south>15.65851969940753641</south>
              <east>99.48624313711226819</east>
              <west>99.31497951352581310</west>
            </LatLonAltBox>
            <Lod>
              <minLodPixels>512</minLodPixels>
              <maxLodPixels>2049</maxLodPixels>
            </Lod>
          </Region>
          <GroundOverlay>
            <drawOrder>4</drawOrder>
            <gx:altitudeMode>clampToSeaFloor</gx:altitudeMode>
            <Icon>
              <href>kml_image_HKK_TOPO_L4_0_2.jpg</href>
            </Icon>
            <LatLonBox>
              <north>15.82468658857786181</north>
              <south>15.65851969940753641</south>
              <east>99.48624313711226819</east>
              <west>99.31497951352581310</west>
            </LatLonBox>
          </GroundOverlay>
          <Folder>
            <name>kml_image_HKK_TOPO_L5_0_4</name>
            <Region>
              <LatLonAltBox>
                <north>15.82468658857786181</north>
                <south>15.74160314399270000</south>
                <east>99.40061132531904775</east>
                <west>99.31497951352581310</west>
              </LatLonAltBox>
              <Lod>
                <minLodPixels>512</minLodPixels>
                <maxLodPixels>-1</maxLodPixels>
              </Lod>
            </Region>
            <GroundOverlay>
              <drawOrder>5</drawOrder>
              <gx:altitudeMode>clampToSeaFloor</gx:altitudeMode>
              <Icon>
                <href>kml_image_HKK_TOPO_L5_0_4.jpg</href>
              </Icon>
              <LatLonBox>
                <north>15.82468658857786181</north>
                <south>15.74160314399270000</south>
                <east>99.40061132531904775</east>
                <west>99.31497951352581310</west>
              </LatLonBox>
            </GroundOverlay>
          </Folder>
          <Folder>
            <name>kml_image_HKK_TOPO_L5_0_5</name>
            <Region>
              <LatLonAltBox>
                <north>15.82468658857786181</north>
                <south>15.74160314399270000</south>
                <east>99.48624313711226819</east>
                <west>99.40061132531904775</west>
              </LatLonAltBox>
              <Lod>
                <minLodPixels>512</minLodPixels>
                <maxLodPixels>-1</maxLodPixels>
              </Lod>
            </Region>
            <GroundOverlay>
              <drawOrder>5</drawOrder>
              <gx:altitudeMode>clampToSeaFloor</gx:altitudeMode>
              <Icon>
                <href>kml_image_HKK_TOPO_L5_0_5.jpg</href>
              </Icon>
              <LatLonBox>
                <north>15.82468658857786181</north>
                <south>15.74160314399270000</south>
                <east>99.48624313711226819</east>
                <west>99.40061132531904775</west>
              </LatLonBox>
            </GroundOverlay>
          </Folder>
          <Folder>
            <name>kml_image_HKK_TOPO_L5_1_4</name>
            <Region>
              <LatLonAltBox>
                <north>15.74160314399270000</north>
                <south>15.65851969940753641</south>
                <east>99.40061132531904775</east>
                <west>99.31497951352581310</west>
              </LatLonAltBox>
              <Lod>
                <minLodPixels>512</minLodPixels>
                <maxLodPixels>-1</maxLodPixels>
              </Lod>
            </Region>
            <GroundOverlay>
              <drawOrder>5</drawOrder>
              <gx:altitudeMode>clampToSeaFloor</gx:altitudeMode>
              <Icon>
                <href>kml_image_HKK_TOPO_L5_1_4.jpg</href>
              </Icon>
              <LatLonBox>
                <north>15.74160314399270000</north>
                <south>15.65851969940753641</south>
                <east>99.40061132531904775</east>
                <west>99.31497951352581310</west>
              </LatLonBox>
            </GroundOverlay>
          </Folder>
          <Folder>
            <name>kml_image_HKK_TOPO_L5_1_5</name>
            <Region>
              <LatLonAltBox>
                <north>15.74160314399270000</north>
                <south>15.65851969940753641</south>
                <east>99.48624313711226819</east>
                <west>99.40061132531904775</west>
              </LatLonAltBox>
              <Lod>
                <minLodPixels>512</minLodPixels>
                <maxLodPixels>-1</maxLodPixels>
              </Lod>
            </Region>
            <GroundOverlay>
              <drawOrder>5</drawOrder>
              <gx:altitudeMode>clampToSeaFloor</gx:altitudeMode>
              <Icon>
                <href>kml_image_HKK_TOPO_L5_1_5.jpg</href>
              </Icon>
              <LatLonBox>
                <north>15.74160314399270000</north>
                <south>15.65851969940753641</south>
                <east>99.48624313711226819</east>
                <west>99.40061132531904775</west>
              </LatLonBox>
            </GroundOverlay>
          </Folder>
        </Folder>
        <Folder>
          <name>kml_image_HKK_TOPO_L4_0_3</name>
          <Region>
            <LatLonAltBox>
              <north>15.82468658857786181</north>
              <south>15.65851969940753641</south>
              <east>99.48699576045810034</east>
              <west>99.48624313711226819</west>
            </LatLonAltBox>
            <Lod>
              <minLodPixels>32</minLodPixels>
              <maxLodPixels>2049</maxLodPixels>
            </Lod>
          </Region>
          <GroundOverlay>
            <drawOrder>4</drawOrder>
            <gx:altitudeMode>clampToSeaFloor</gx:altitudeMode>
            <Icon>
              <href>kml_image_HKK_TOPO_L4_0_3.jpg</href>
            </Icon>
            <LatLonBox>
              <north>15.82468658857786181</north>
              <south>15.65851969940753641</south>
              <east>99.48699576045810034</east>
              <west>99.48624313711226819</west>
            </LatLonBox>
          </GroundOverlay>
          <Folder>
            <name>kml_image_HKK_TOPO_L5_0_6</name>
            <Region>
              <LatLonAltBox>
                <north>15.82468658857786181</north>
                <south>15.74160314399270000</south>
                <east>99.48699576045810034</east>
                <west>99.48624313711226819</west>
              </LatLonAltBox>
              <Lod>
                <minLodPixels>48</minLodPixels>
                <maxLodPixels>-1</maxLodPixels>
              </Lod>
            </Region>
            <GroundOverlay>
              <drawOrder>5</drawOrder>
              <gx:altitudeMode>clampToSeaFloor</gx:altitudeMode>
              <Icon>
                <href>kml_image_HKK_TOPO_L5_0_6.jpg</href>
              </Icon>
              <LatLonBox>
                <north>15.82468658857786181</north>
                <south>15.74160314399270000</south>
                <east>99.48699576045810034</east>
                <west>99.48624313711226819</west>
              </LatLonBox>
            </GroundOverlay>
          </Folder>
          <Folder>
            <name>kml_image_HKK_TOPO_L5_1_6</name>
            <Region>
              <LatLonAltBox>
                <north>15.74160314399270000</north>
                <south>15.65851969940753641</south>
                <east>99.48699576045810034</east>
                <west>99.48624313711226819</west>
              </LatLonAltBox>
              <Lod>
                <minLodPixels>48</minLodPixels>
                <maxLodPixels>-1</maxLodPixels>
              </Lod>
            </Region>
            <GroundOverlay>
              <drawOrder>5</drawOrder>
              <gx:altitudeMode>clampToSeaFloor</gx:altitudeMode>
              <Icon>
                <href>kml_image_HKK_TOPO_L5_1_6.jpg</href>
              </Icon>
              <LatLonBox>
                <north>15.74160314399270000</north>
                <south>15.65851969940753641</south>
                <east>99.48699576045810034</east>
                <west>99.48624313711226819</west>
              </LatLonBox>
            </GroundOverlay>
          </Folder>
        </Folder>
        <Folder>
          <name>kml_image_HKK_TOPO_L4_1_2</name>
          <Region>
            <LatLonAltBox>
              <north>15.65851969940753641</north>
              <south>15.49235281023721100</south>
              <east>99.48624313711226819</east>
              <west>99.31497951352581310</west>
            </LatLonAltBox>
            <Lod>
              <minLodPixels>512</minLodPixels>
              <maxLodPixels>2049</maxLodPixels>
            </Lod>
          </Region>
          <GroundOverlay>
            <drawOrder>4</drawOrder>
            <gx:altitudeMode>clampToSeaFloor</gx:altitudeMode>
            <Icon>
              <href>kml_image_HKK_TOPO_L4_1_2.jpg</href>
            </Icon>
            <LatLonBox>
              <north>15.65851969940753641</north>
              <south>15.49235281023721100</south>
              <east>99.48624313711226819</east>
              <west>99.31497951352581310</west>
            </LatLonBox>
          </GroundOverlay>
          <Folder>
            <name>kml_image_HKK_TOPO_L5_2_4</name>
            <Region>
              <LatLonAltBox>
                <north>15.65851969940753641</north>
                <south>15.57543625482237459</south>
                <east>99.40061132531904775</east>
                <west>99.31497951352581310</west>
              </LatLonAltBox>
              <Lod>
                <minLodPixels>512</minLodPixels>
                <maxLodPixels>-1</maxLodPixels>
              </Lod>
            </Region>
            <GroundOverlay>
              <drawOrder>5</drawOrder>
              <gx:altitudeMode>clampToSeaFloor</gx:altitudeMode>
              <Icon>
                <href>kml_image_HKK_TOPO_L5_2_4.jpg</href>
              </Icon>
              <LatLonBox>
                <north>15.65851969940753641</north>
                <south>15.57543625482237459</south>
                <east>99.40061132531904775</east>
                <west>99.31497951352581310</west>
              </LatLonBox>
            </GroundOverlay>
          </Folder>
          <Folder>
            <name>kml_image_HKK_TOPO_L5_2_5</name>
            <Region>
              <LatLonAltBox>
                <north>15.65851969940753641</north>
                <south>15.57543625482237459</south>
                <east>99.48624313711226819</east>
                <west>99.40061132531904775</west>
              </LatLonAltBox>
              <Lod>
                <minLodPixels>512</minLodPixels>
                <maxLodPixels>-1</maxLodPixels>
              </Lod>
            </Region>
            <GroundOverlay>
              <drawOrder>5</drawOrder>
              <gx:altitudeMode>clampToSeaFloor</gx:altitudeMode>
              <Icon>
                <href>kml_image_HKK_TOPO_L5_2_5.jpg</href>
              </Icon>
              <LatLonBox>
                <north>15.65851969940753641</north>
                <south>15.57543625482237459</south>
                <east>99.48624313711226819</east>
                <west>99.40061132531904775</west>
              </LatLonBox>
            </GroundOverlay>
          </Folder>
          <Folder>
            <name>kml_image_HKK_TOPO_L5_3_4</name>
            <Region>
              <LatLonAltBox>
                <north>15.57543625482237459</north>
                <south>15.49235281023721100</south>
                <east>99.40061132531904775</east>
                <west>99.31497951352581310</west>
              </LatLonAltBox>
              <Lod>
                <minLodPixels>512</minLodPixels>
                <maxLodPixels>-1</maxLodPixels>
              </Lod>
            </Region>
            <GroundOverlay>
              <drawOrder>5</drawOrder>
              <gx:altitudeMode>clampToSeaFloor</gx:altitudeMode>
              <Icon>
                <href>kml_image_HKK_TOPO_L5_3_4.jpg</href>
              </Icon>
              <LatLonBox>
                <north>15.57543625482237459</north>
                <south>15.49235281023721100</south>
                <east>99.40061132531904775</east>
                <west>99.31497951352581310</west>
              </LatLonBox>
            </GroundOverlay>
          </Folder>
          <Folder>
            <name>kml_image_HKK_TOPO_L5_3_5</name>
            <Region>
              <LatLonAltBox>
                <north>15.57543625482237459</north>
                <south>15.49235281023721100</south>
                <east>99.48624313711226819</east>
                <west>99.40061132531904775</west>
              </LatLonAltBox>
              <Lod>
                <minLodPixels>512</minLodPixels>
                <maxLodPixels>-1</maxLodPixels>
              </Lod>
            </Region>
            <GroundOverlay>
              <drawOrder>5</drawOrder>
              <gx:altitudeMode>clampToSeaFloor</gx:altitudeMode>
              <Icon>
                <href>kml_image_HKK_TOPO_L5_3_5.jpg</href>
              </Icon>
              <LatLonBox>
                <north>15.57543625482237459</north>
                <south>15.49235281023721100</south>
                <east>99.48624313711226819</east>
                <west>99.40061132531904775</west>
              </LatLonBox>
            </GroundOverlay>
          </Folder>
        </Folder>
        <Folder>
          <name>kml_image_HKK_TOPO_L4_1_3</name>
          <Region>
            <LatLonAltBox>
              <north>15.65851969940753641</north>
              <south>15.49235281023721100</south>
              <east>99.48699576045810034</east>
              <west>99.48624313711226819</west>
            </LatLonAltBox>
            <Lod>
              <minLodPixels>32</minLodPixels>
              <maxLodPixels>2049</maxLodPixels>
            </Lod>
          </Region>
          <GroundOverlay>
            <drawOrder>4</drawOrder>
            <gx:altitudeMode>clampToSeaFloor</gx:altitudeMode>
            <Icon>
              <href>kml_image_HKK_TOPO_L4_1_3.jpg</href>
            </Icon>
            <LatLonBox>
              <north>15.65851969940753641</north>
              <south>15.49235281023721100</south>
              <east>99.48699576045810034</east>
              <west>99.48624313711226819</west>
            </LatLonBox>
          </GroundOverlay>
          <Folder>
            <name>kml_image_HKK_TOPO_L5_2_6</name>
            <Region>
              <LatLonAltBox>
                <north>15.65851969940753641</north>
                <south>15.57543625482237459</south>
                <east>99.48699576045810034</east>
                <west>99.48624313711226819</west>
              </LatLonAltBox>
              <Lod>
                <minLodPixels>48</minLodPixels>
                <maxLodPixels>-1</maxLodPixels>
              </Lod>
            </Region>
            <GroundOverlay>
              <drawOrder>5</drawOrder>
              <gx:altitudeMode>clampToSeaFloor</gx:altitudeMode>
              <Icon>
                <href>kml_image_HKK_TOPO_L5_2_6.jpg</href>
              </Icon>
              <LatLonBox>
                <north>15.65851969940753641</north>
                <south>15.57543625482237459</south>
                <east>99.48699576045810034</east>
                <west>99.48624313711226819</west>
              </LatLonBox>
            </GroundOverlay>
          </Folder>
          <Folder>
            <name>kml_image_HKK_TOPO_L5_3_6</name>
            <Region>
              <LatLonAltBox>
                <north>15.57543625482237459</north>
                <south>15.49235281023721100</south>
                <east>99.48699576045810034</east>
                <west>99.48624313711226819</west>
              </LatLonAltBox>
              <Lod>
                <minLodPixels>48</minLodPixels>
                <maxLodPixels>-1</maxLodPixels>
              </Lod>
            </Region>
            <GroundOverlay>
              <drawOrder>5</drawOrder>
              <gx:altitudeMode>clampToSeaFloor</gx:altitudeMode>
              <Icon>
                <href>kml_image_HKK_TOPO_L5_3_6.jpg</href>
              </Icon>
              <LatLonBox>
                <north>15.57543625482237459</north>
                <south>15.49235281023721100</south>
                <east>99.48699576045810034</east>
                <west>99.48624313711226819</west>
              </LatLonBox>
            </GroundOverlay>
          </Folder>
        </Folder>
      </Folder>
      <Folder>
        <name>kml_image_HKK_TOPO_L3_1_0</name>
        <Region>
          <LatLonAltBox>
            <north>15.49235281023721100</north>
            <south>15.16001903189656197</south>
            <east>99.31497951352581310</east>
            <west>98.97245226635291715</west>
          </LatLonAltBox>
          <Lod>
            <minLodPixels>512</minLodPixels>
            <maxLodPixels>2049</maxLodPixels>
          </Lod>
        </Region>
        <GroundOverlay>
          <drawOrder>3</drawOrder>
          <gx:altitudeMode>clampToSeaFloor</gx:altitudeMode>
          <Icon>
            <href>kml_image_HKK_TOPO_L3_1_0.jpg</href>
          </Icon>
          <LatLonBox>
            <north>15.49235281023721100</north>
            <south>15.16001903189656197</south>
            <east>99.31497951352581310</east>
            <west>98.97245226635291715</west>
          </LatLonBox>
        </GroundOverlay>
        <Folder>
          <name>kml_image_HKK_TOPO_L4_2_0</name>
          <Region>
            <LatLonAltBox>
              <north>15.49235281023721100</north>
              <south>15.32618592106688737</south>
              <east>99.14371588993937223</east>
              <west>98.97245226635291715</west>
            </LatLonAltBox>
            <Lod>
              <minLodPixels>512</minLodPixels>
              <maxLodPixels>2049</maxLodPixels>
            </Lod>
          </Region>
          <GroundOverlay>
            <drawOrder>4</drawOrder>
            <gx:altitudeMode>clampToSeaFloor</gx:altitudeMode>
            <Icon>
              <href>kml_image_HKK_TOPO_L4_2_0.jpg</href>
            </Icon>
            <LatLonBox>
              <north>15.49235281023721100</north>
              <south>15.32618592106688737</south>
              <east>99.14371588993937223</east>
              <west>98.97245226635291715</west>
            </LatLonBox>
          </GroundOverlay>
          <Folder>
            <name>kml_image_HKK_TOPO_L5_4_0</name>
            <Region>
              <LatLonAltBox>
                <north>15.49235281023721100</north>
                <south>15.40926936565204919</south>
                <east>99.05808407814613759</east>
                <west>98.97245226635291715</west>
              </LatLonAltBox>
              <Lod>
                <minLodPixels>512</minLodPixels>
                <maxLodPixels>-1</maxLodPixels>
              </Lod>
            </Region>
            <GroundOverlay>
              <drawOrder>5</drawOrder>
              <gx:altitudeMode>clampToSeaFloor</gx:altitudeMode>
              <Icon>
                <href>kml_image_HKK_TOPO_L5_4_0.jpg</href>
              </Icon>
              <LatLonBox>
                <north>15.49235281023721100</north>
                <south>15.40926936565204919</south>
                <east>99.05808407814613759</east>
                <west>98.97245226635291715</west>
              </LatLonBox>
            </GroundOverlay>
          </Folder>
          <Folder>
            <name>kml_image_HKK_TOPO_L5_4_1</name>
            <Region>
              <LatLonAltBox>
                <north>15.49235281023721100</north>
                <south>15.40926936565204919</south>
                <east>99.14371588993937223</east>
                <west>99.05808407814613759</west>
              </LatLonAltBox>
              <Lod>
                <minLodPixels>512</minLodPixels>
                <maxLodPixels>-1</maxLodPixels>
              </Lod>
            </Region>
            <GroundOverlay>
              <drawOrder>5</drawOrder>
              <gx:altitudeMode>clampToSeaFloor</gx:altitudeMode>
              <Icon>
                <href>kml_image_HKK_TOPO_L5_4_1.jpg</href>
              </Icon>
              <LatLonBox>
                <north>15.49235281023721100</north>
                <south>15.40926936565204919</south>
                <east>99.14371588993937223</east>
                <west>99.05808407814613759</west>
              </LatLonBox>
            </GroundOverlay>
          </Folder>
          <Folder>
            <name>kml_image_HKK_TOPO_L5_5_0</name>
            <Region>
              <LatLonAltBox>
                <north>15.40926936565204919</north>
                <south>15.32618592106688737</south>
                <east>99.05808407814613759</east>
                <west>98.97245226635291715</west>
              </LatLonAltBox>
              <Lod>
                <minLodPixels>512</minLodPixels>
                <maxLodPixels>-1</maxLodPixels>
              </Lod>
            </Region>
            <GroundOverlay>
              <drawOrder>5</drawOrder>
              <gx:altitudeMode>clampToSeaFloor</gx:altitudeMode>
              <Icon>
                <href>kml_image_HKK_TOPO_L5_5_0.jpg</href>
              </Icon>
              <LatLonBox>
                <north>15.40926936565204919</north>
                <south>15.32618592106688737</south>
                <east>99.05808407814613759</east>
                <west>98.97245226635291715</west>
              </LatLonBox>
            </GroundOverlay>
          </Folder>
          <Folder>
            <name>kml_image_HKK_TOPO_L5_5_1</name>
            <Region>
              <LatLonAltBox>
                <north>15.40926936565204919</north>
                <south>15.32618592106688737</south>
                <east>99.14371588993937223</east>
                <west>99.05808407814613759</west>
              </LatLonAltBox>
              <Lod>
                <minLodPixels>512</minLodPixels>
                <maxLodPixels>-1</maxLodPixels>
              </Lod>
            </Region>
            <GroundOverlay>
              <drawOrder>5</drawOrder>
              <gx:altitudeMode>clampToSeaFloor</gx:altitudeMode>
              <Icon>
                <href>kml_image_HKK_TOPO_L5_5_1.jpg</href>
              </Icon>
              <LatLonBox>
                <north>15.40926936565204919</north>
                <south>15.32618592106688737</south>
                <east>99.14371588993937223</east>
                <west>99.05808407814613759</west>
              </LatLonBox>
            </GroundOverlay>
          </Folder>
        </Folder>
        <Folder>
          <name>kml_image_HKK_TOPO_L4_2_1</name>
          <Region>
            <LatLonAltBox>
              <north>15.49235281023721100</north>
              <south>15.32618592106688737</south>
              <east>99.31497951352581310</east>
              <west>99.14371588993937223</west>
            </LatLonAltBox>
            <Lod>
              <minLodPixels>512</minLodPixels>
              <maxLodPixels>2049</maxLodPixels>
            </Lod>
          </Region>
          <GroundOverlay>
            <drawOrder>4</drawOrder>
            <gx:altitudeMode>clampToSeaFloor</gx:altitudeMode>
            <Icon>
              <href>kml_image_HKK_TOPO_L4_2_1.jpg</href>
            </Icon>
            <LatLonBox>
              <north>15.49235281023721100</north>
              <south>15.32618592106688737</south>
              <east>99.31497951352581310</east>
              <west>99.14371588993937223</west>
            </LatLonBox>
          </GroundOverlay>
          <Folder>
            <name>kml_image_HKK_TOPO_L5_4_2</name>
            <Region>
              <LatLonAltBox>
                <north>15.49235281023721100</north>
                <south>15.40926936565204919</south>
                <east>99.22934770173259267</east>
                <west>99.14371588993937223</west>
              </LatLonAltBox>
              <Lod>
                <minLodPixels>512</minLodPixels>
                <maxLodPixels>-1</maxLodPixels>
              </Lod>
            </Region>
            <GroundOverlay>
              <drawOrder>5</drawOrder>
              <gx:altitudeMode>clampToSeaFloor</gx:altitudeMode>
              <Icon>
                <href>kml_image_HKK_TOPO_L5_4_2.jpg</href>
              </Icon>
              <LatLonBox>
                <north>15.49235281023721100</north>
                <south>15.40926936565204919</south>
                <east>99.22934770173259267</east>
                <west>99.14371588993937223</west>
              </LatLonBox>
            </GroundOverlay>
          </Folder>
          <Folder>
            <name>kml_image_HKK_TOPO_L5_4_3</name>
            <Region>
              <LatLonAltBox>
                <north>15.49235281023721100</north>
                <south>15.40926936565204919</south>
                <east>99.31497951352581310</east>
                <west>99.22934770173259267</west>
              </LatLonAltBox>
              <Lod>
                <minLodPixels>512</minLodPixels>
                <maxLodPixels>-1</maxLodPixels>
              </Lod>
            </Region>
            <GroundOverlay>
              <drawOrder>5</drawOrder>
              <gx:altitudeMode>clampToSeaFloor</gx:altitudeMode>
              <Icon>
                <href>kml_image_HKK_TOPO_L5_4_3.jpg</href>
              </Icon>
              <LatLonBox>
                <north>15.49235281023721100</north>
                <south>15.40926936565204919</south>
                <east>99.31497951352581310</east>
                <west>99.22934770173259267</west>
              </LatLonBox>
            </GroundOverlay>
          </Folder>
          <Folder>
            <name>kml_image_HKK_TOPO_L5_5_2</name>
            <Region>
              <LatLonAltBox>
                <north>15.40926936565204919</north>
                <south>15.32618592106688737</south>
                <east>99.22934770173259267</east>
                <west>99.14371588993937223</west>
              </LatLonAltBox>
              <Lod>
                <minLodPixels>512</minLodPixels>
                <maxLodPixels>-1</maxLodPixels>
              </Lod>
            </Region>
            <GroundOverlay>
              <drawOrder>5</drawOrder>
              <gx:altitudeMode>clampToSeaFloor</gx:altitudeMode>
              <Icon>
                <href>kml_image_HKK_TOPO_L5_5_2.jpg</href>
              </Icon>
              <LatLonBox>
                <north>15.40926936565204919</north>
                <south>15.32618592106688737</south>
                <east>99.22934770173259267</east>
                <west>99.14371588993937223</west>
              </LatLonBox>
            </GroundOverlay>
          </Folder>
          <Folder>
            <name>kml_image_HKK_TOPO_L5_5_3</name>
            <Region>
              <LatLonAltBox>
                <north>15.40926936565204919</north>
                <south>15.32618592106688737</south>
                <east>99.31497951352581310</east>
                <west>99.22934770173259267</west>
              </LatLonAltBox>
              <Lod>
                <minLodPixels>512</minLodPixels>
                <maxLodPixels>-1</maxLodPixels>
              </Lod>
            </Region>
            <GroundOverlay>
              <drawOrder>5</drawOrder>
              <gx:altitudeMode>clampToSeaFloor</gx:altitudeMode>
              <Icon>
                <href>kml_image_HKK_TOPO_L5_5_3.jpg</href>
              </Icon>
              <LatLonBox>
                <north>15.40926936565204919</north>
                <south>15.32618592106688737</south>
                <east>99.31497951352581310</east>
                <west>99.22934770173259267</west>
              </LatLonBox>
            </GroundOverlay>
          </Folder>
        </Folder>
        <Folder>
          <name>kml_image_HKK_TOPO_L4_3_0</name>
          <Region>
            <LatLonAltBox>
              <north>15.32618592106688737</north>
              <south>15.16001903189656197</south>
              <east>99.14371588993937223</east>
              <west>98.97245226635291715</west>
            </LatLonAltBox>
            <Lod>
              <minLodPixels>512</minLodPixels>
              <maxLodPixels>2049</maxLodPixels>
            </Lod>
          </Region>
          <GroundOverlay>
            <drawOrder>4</drawOrder>
            <gx:altitudeMode>clampToSeaFloor</gx:altitudeMode>
            <Icon>
              <href>kml_image_HKK_TOPO_L4_3_0.jpg</href>
            </Icon>
            <LatLonBox>
              <north>15.32618592106688737</north>
              <south>15.16001903189656197</south>
              <east>99.14371588993937223</east>
              <west>98.97245226635291715</west>
            </LatLonBox>
          </GroundOverlay>
          <Folder>
            <name>kml_image_HKK_TOPO_L5_6_0</name>
            <Region>
              <LatLonAltBox>
                <north>15.32618592106688737</north>
                <south>15.24310247648172378</south>
                <east>99.05808407814613759</east>
                <west>98.97245226635291715</west>
              </LatLonAltBox>
              <Lod>
                <minLodPixels>512</minLodPixels>
                <maxLodPixels>-1</maxLodPixels>
              </Lod>
            </Region>
            <GroundOverlay>
              <drawOrder>5</drawOrder>
              <gx:altitudeMode>clampToSeaFloor</gx:altitudeMode>
              <Icon>
                <href>kml_image_HKK_TOPO_L5_6_0.jpg</href>
              </Icon>
              <LatLonBox>
                <north>15.32618592106688737</north>
                <south>15.24310247648172378</south>
                <east>99.05808407814613759</east>
                <west>98.97245226635291715</west>
              </LatLonBox>
            </GroundOverlay>
          </Folder>
          <Folder>
            <name>kml_image_HKK_TOPO_L5_6_1</name>
            <Region>
              <LatLonAltBox>
                <north>15.32618592106688737</north>
                <south>15.24310247648172378</south>
                <east>99.14371588993937223</east>
                <west>99.05808407814613759</west>
              </LatLonAltBox>
              <Lod>
                <minLodPixels>512</minLodPixels>
                <maxLodPixels>-1</maxLodPixels>
              </Lod>
            </Region>
            <GroundOverlay>
              <drawOrder>5</drawOrder>
              <gx:altitudeMode>clampToSeaFloor</gx:altitudeMode>
              <Icon>
                <href>kml_image_HKK_TOPO_L5_6_1.jpg</href>
              </Icon>
              <LatLonBox>
                <north>15.32618592106688737</north>
                <south>15.24310247648172378</south>
                <east>99.14371588993937223</east>
                <west>99.05808407814613759</west>
              </LatLonBox>
            </GroundOverlay>
          </Folder>
          <Folder>
            <name>kml_image_HKK_TOPO_L5_7_0</name>
            <Region>
              <LatLonAltBox>
                <north>15.24310247648172378</north>
                <south>15.16001903189656197</south>
                <east>99.05808407814613759</east>
                <west>98.97245226635291715</west>
              </LatLonAltBox>
              <Lod>
                <minLodPixels>512</minLodPixels>
                <maxLodPixels>-1</maxLodPixels>
              </Lod>
            </Region>
            <GroundOverlay>
              <drawOrder>5</drawOrder>
              <gx:altitudeMode>clampToSeaFloor</gx:altitudeMode>
              <Icon>
                <href>kml_image_HKK_TOPO_L5_7_0.jpg</href>
              </Icon>
              <LatLonBox>
                <north>15.24310247648172378</north>
                <south>15.16001903189656197</south>
                <east>99.05808407814613759</east>
                <west>98.97245226635291715</west>
              </LatLonBox>
            </GroundOverlay>
          </Folder>
          <Folder>
            <name>kml_image_HKK_TOPO_L5_7_1</name>
            <Region>
              <LatLonAltBox>
                <north>15.24310247648172378</north>
                <south>15.16001903189656197</south>
                <east>99.14371588993937223</east>
                <west>99.05808407814613759</west>
              </LatLonAltBox>
              <Lod>
                <minLodPixels>512</minLodPixels>
                <maxLodPixels>-1</maxLodPixels>
              </Lod>
            </Region>
            <GroundOverlay>
              <drawOrder>5</drawOrder>
              <gx:altitudeMode>clampToSeaFloor</gx:altitudeMode>
              <Icon>
                <href>kml_image_HKK_TOPO_L5_7_1.jpg</href>
              </Icon>
              <LatLonBox>
                <north>15.24310247648172378</north>
                <south>15.16001903189656197</south>
                <east>99.14371588993937223</east>
                <west>99.05808407814613759</west>
              </LatLonBox>
            </GroundOverlay>
          </Folder>
        </Folder>
        <Folder>
          <name>kml_image_HKK_TOPO_L4_3_1</name>
          <Region>
            <LatLonAltBox>
              <north>15.32618592106688737</north>
              <south>15.16001903189656197</south>
              <east>99.31497951352581310</east>
              <west>99.14371588993937223</west>
            </LatLonAltBox>
            <Lod>
              <minLodPixels>512</minLodPixels>
              <maxLodPixels>2049</maxLodPixels>
            </Lod>
          </Region>
          <GroundOverlay>
            <drawOrder>4</drawOrder>
            <gx:altitudeMode>clampToSeaFloor</gx:altitudeMode>
            <Icon>
              <href>kml_image_HKK_TOPO_L4_3_1.jpg</href>
            </Icon>
            <LatLonBox>
              <north>15.32618592106688737</north>
              <south>15.16001903189656197</south>
              <east>99.31497951352581310</east>
              <west>99.14371588993937223</west>
            </LatLonBox>
          </GroundOverlay>
          <Folder>
            <name>kml_image_HKK_TOPO_L5_6_2</name>
            <Region>
              <LatLonAltBox>
                <north>15.32618592106688737</north>
                <south>15.24310247648172378</south>
                <east>99.22934770173259267</east>
                <west>99.14371588993937223</west>
              </LatLonAltBox>
              <Lod>
                <minLodPixels>512</minLodPixels>
                <maxLodPixels>-1</maxLodPixels>
              </Lod>
            </Region>
            <GroundOverlay>
              <drawOrder>5</drawOrder>
              <gx:altitudeMode>clampToSeaFloor</gx:altitudeMode>
              <Icon>
                <href>kml_image_HKK_TOPO_L5_6_2.jpg</href>
              </Icon>
              <LatLonBox>
                <north>15.32618592106688737</north>
                <south>15.24310247648172378</south>
                <east>99.22934770173259267</east>
                <west>99.14371588993937223</west>
              </LatLonBox>
            </GroundOverlay>
          </Folder>
          <Folder>
            <name>kml_image_HKK_TOPO_L5_6_3</name>
            <Region>
              <LatLonAltBox>
                <north>15.32618592106688737</north>
                <south>15.24310247648172378</south>
                <east>99.31497951352581310</east>
                <west>99.22934770173259267</west>
              </LatLonAltBox>
              <Lod>
                <minLodPixels>512</minLodPixels>
                <maxLodPixels>-1</maxLodPixels>
              </Lod>
            </Region>
            <GroundOverlay>
              <drawOrder>5</drawOrder>
              <gx:altitudeMode>clampToSeaFloor</gx:altitudeMode>
              <Icon>
                <href>kml_image_HKK_TOPO_L5_6_3.jpg</href>
              </Icon>
              <LatLonBox>
                <north>15.32618592106688737</north>
                <south>15.24310247648172378</south>
                <east>99.31497951352581310</east>
                <west>99.22934770173259267</west>
              </LatLonBox>
            </GroundOverlay>
          </Folder>
          <Folder>
            <name>kml_image_HKK_TOPO_L5_7_2</name>
            <Region>
              <LatLonAltBox>
                <north>15.24310247648172378</north>
                <south>15.16001903189656197</south>
                <east>99.22934770173259267</east>
                <west>99.14371588993937223</west>
              </LatLonAltBox>
              <Lod>
                <minLodPixels>512</minLodPixels>
                <maxLodPixels>-1</maxLodPixels>
              </Lod>
            </Region>
            <GroundOverlay>
              <drawOrder>5</drawOrder>
              <gx:altitudeMode>clampToSeaFloor</gx:altitudeMode>
              <Icon>
                <href>kml_image_HKK_TOPO_L5_7_2.jpg</href>
              </Icon>
              <LatLonBox>
                <north>15.24310247648172378</north>
                <south>15.16001903189656197</south>
                <east>99.22934770173259267</east>
                <west>99.14371588993937223</west>
              </LatLonBox>
            </GroundOverlay>
          </Folder>
          <Folder>
            <name>kml_image_HKK_TOPO_L5_7_3</name>
            <Region>
              <LatLonAltBox>
                <north>15.24310247648172378</north>
                <south>15.16001903189656197</south>
                <east>99.31497951352581310</east>
                <west>99.22934770173259267</west>
              </LatLonAltBox>
              <Lod>
                <minLodPixels>512</minLodPixels>
                <maxLodPixels>-1</maxLodPixels>
              </Lod>
            </Region>
            <GroundOverlay>
              <drawOrder>5</drawOrder>
              <gx:altitudeMode>clampToSeaFloor</gx:altitudeMode>
              <Icon>
                <href>kml_image_HKK_TOPO_L5_7_3.jpg</href>
              </Icon>
              <LatLonBox>
                <north>15.24310247648172378</north>
                <south>15.16001903189656197</south>
                <east>99.31497951352581310</east>
                <west>99.22934770173259267</west>
              </LatLonBox>
            </GroundOverlay>
          </Folder>
        </Folder>
      </Folder>
      <Folder>
        <name>kml_image_HKK_TOPO_L3_1_1</name>
        <Region>
          <LatLonAltBox>
            <north>15.49235281023721100</north>
            <south>15.16001903189656197</south>
            <east>99.48699576045810034</east>
            <west>99.31497951352581310</west>
          </LatLonAltBox>
          <Lod>
            <minLodPixels>363</minLodPixels>
            <maxLodPixels>2049</maxLodPixels>
          </Lod>
        </Region>
        <GroundOverlay>
          <drawOrder>3</drawOrder>
          <gx:altitudeMode>clampToSeaFloor</gx:altitudeMode>
          <Icon>
            <href>kml_image_HKK_TOPO_L3_1_1.jpg</href>
          </Icon>
          <LatLonBox>
            <north>15.49235281023721100</north>
            <south>15.16001903189656197</south>
            <east>99.48699576045810034</east>
            <west>99.31497951352581310</west>
          </LatLonBox>
        </GroundOverlay>
        <Folder>
          <name>kml_image_HKK_TOPO_L4_2_2</name>
          <Region>
            <LatLonAltBox>
              <north>15.49235281023721100</north>
              <south>15.32618592106688737</south>
              <east>99.48624313711226819</east>
              <west>99.31497951352581310</west>
            </LatLonAltBox>
            <Lod>
              <minLodPixels>512</minLodPixels>
              <maxLodPixels>2049</maxLodPixels>
            </Lod>
          </Region>
          <GroundOverlay>
            <drawOrder>4</drawOrder>
            <gx:altitudeMode>clampToSeaFloor</gx:altitudeMode>
            <Icon>
              <href>kml_image_HKK_TOPO_L4_2_2.jpg</href>
            </Icon>
            <LatLonBox>
              <north>15.49235281023721100</north>
              <south>15.32618592106688737</south>
              <east>99.48624313711226819</east>
              <west>99.31497951352581310</west>
            </LatLonBox>
          </GroundOverlay>
          <Folder>
            <name>kml_image_HKK_TOPO_L5_4_4</name>
            <Region>
              <LatLonAltBox>
                <north>15.49235281023721100</north>
                <south>15.40926936565204919</south>
                <east>99.40061132531904775</east>
                <west>99.31497951352581310</west>
              </LatLonAltBox>
              <Lod>
                <minLodPixels>512</minLodPixels>
                <maxLodPixels>-1</maxLodPixels>
              </Lod>
            </Region>
            <GroundOverlay>
              <drawOrder>5</drawOrder>
              <gx:altitudeMode>clampToSeaFloor</gx:altitudeMode>
              <Icon>
                <href>kml_image_HKK_TOPO_L5_4_4.jpg</href>
              </Icon>
              <LatLonBox>
                <north>15.49235281023721100</north>
                <south>15.40926936565204919</south>
                <east>99.40061132531904775</east>
                <west>99.31497951352581310</west>
              </LatLonBox>
            </GroundOverlay>
          </Folder>
          <Folder>
            <name>kml_image_HKK_TOPO_L5_4_5</name>
            <Region>
              <LatLonAltBox>
                <north>15.49235281023721100</north>
                <south>15.40926936565204919</south>
                <east>99.48624313711226819</east>
                <west>99.40061132531904775</west>
              </LatLonAltBox>
              <Lod>
                <minLodPixels>512</minLodPixels>
                <maxLodPixels>-1</maxLodPixels>
              </Lod>
            </Region>
            <GroundOverlay>
              <drawOrder>5</drawOrder>
              <gx:altitudeMode>clampToSeaFloor</gx:altitudeMode>
              <Icon>
                <href>kml_image_HKK_TOPO_L5_4_5.jpg</href>
              </Icon>
              <LatLonBox>
                <north>15.49235281023721100</north>
                <south>15.40926936565204919</south>
                <east>99.48624313711226819</east>
                <west>99.40061132531904775</west>
              </LatLonBox>
            </GroundOverlay>
          </Folder>
          <Folder>
            <name>kml_image_HKK_TOPO_L5_5_4</name>
            <Region>
              <LatLonAltBox>
                <north>15.40926936565204919</north>
                <south>15.32618592106688737</south>
                <east>99.40061132531904775</east>
                <west>99.31497951352581310</west>
              </LatLonAltBox>
              <Lod>
                <minLodPixels>512</minLodPixels>
                <maxLodPixels>-1</maxLodPixels>
              </Lod>
            </Region>
            <GroundOverlay>
              <drawOrder>5</drawOrder>
              <gx:altitudeMode>clampToSeaFloor</gx:altitudeMode>
              <Icon>
                <href>kml_image_HKK_TOPO_L5_5_4.jpg</href>
              </Icon>
              <LatLonBox>
                <north>15.40926936565204919</north>
                <south>15.32618592106688737</south>
                <east>99.40061132531904775</east>
                <west>99.31497951352581310</west>
              </LatLonBox>
            </GroundOverlay>
          </Folder>
          <Folder>
            <name>kml_image_HKK_TOPO_L5_5_5</name>
            <Region>
              <LatLonAltBox>
                <north>15.40926936565204919</north>
                <south>15.32618592106688737</south>
                <east>99.48624313711226819</east>
                <west>99.40061132531904775</west>
              </LatLonAltBox>
              <Lod>
                <minLodPixels>512</minLodPixels>
                <maxLodPixels>-1</maxLodPixels>
              </Lod>
            </Region>
            <GroundOverlay>
              <drawOrder>5</drawOrder>
              <gx:altitudeMode>clampToSeaFloor</gx:altitudeMode>
              <Icon>
                <href>kml_image_HKK_TOPO_L5_5_5.jpg</href>
              </Icon>
              <LatLonBox>
                <north>15.40926936565204919</north>
                <south>15.32618592106688737</south>
                <east>99.48624313711226819</east>
                <west>99.40061132531904775</west>
              </LatLonBox>
            </GroundOverlay>
          </Folder>
        </Folder>
        <Folder>
          <name>kml_image_HKK_TOPO_L4_3_2</name>
          <Region>
            <LatLonAltBox>
              <north>15.32618592106688737</north>
              <south>15.16001903189656197</south>
              <east>99.48624313711226819</east>
              <west>99.31497951352581310</west>
            </LatLonAltBox>
            <Lod>
              <minLodPixels>512</minLodPixels>
              <maxLodPixels>2049</maxLodPixels>
            </Lod>
          </Region>
          <GroundOverlay>
            <drawOrder>4</drawOrder>
            <gx:altitudeMode>clampToSeaFloor</gx:altitudeMode>
            <Icon>
              <href>kml_image_HKK_TOPO_L4_3_2.jpg</href>
            </Icon>
            <LatLonBox>
              <north>15.32618592106688737</north>
              <south>15.16001903189656197</south>
              <east>99.48624313711226819</east>
              <west>99.31497951352581310</west>
            </LatLonBox>
          </GroundOverlay>
          <Folder>
            <name>kml_image_HKK_TOPO_L5_6_4</name>
            <Region>
              <LatLonAltBox>
                <north>15.32618592106688737</north>
                <south>15.24310247648172378</south>
                <east>99.40061132531904775</east>
                <west>99.31497951352581310</west>
              </LatLonAltBox>
              <Lod>
                <minLodPixels>512</minLodPixels>
                <maxLodPixels>-1</maxLodPixels>
              </Lod>
            </Region>
            <GroundOverlay>
              <drawOrder>5</drawOrder>
              <gx:altitudeMode>clampToSeaFloor</gx:altitudeMode>
              <Icon>
                <href>kml_image_HKK_TOPO_L5_6_4.jpg</href>
              </Icon>
              <LatLonBox>
                <north>15.32618592106688737</north>
                <south>15.24310247648172378</south>
                <east>99.40061132531904775</east>
                <west>99.31497951352581310</west>
              </LatLonBox>
            </GroundOverlay>
          </Folder>
          <Folder>
            <name>kml_image_HKK_TOPO_L5_6_5</name>
            <Region>
              <LatLonAltBox>
                <north>15.32618592106688737</north>
                <south>15.24310247648172378</south>
                <east>99.48624313711226819</east>
                <west>99.40061132531904775</west>
              </LatLonAltBox>
              <Lod>
                <minLodPixels>512</minLodPixels>
                <maxLodPixels>-1</maxLodPixels>
              </Lod>
            </Region>
            <GroundOverlay>
              <drawOrder>5</drawOrder>
              <gx:altitudeMode>clampToSeaFloor</gx:altitudeMode>
              <Icon>
                <href>kml_image_HKK_TOPO_L5_6_5.jpg</href>
              </Icon>
              <LatLonBox>
                <north>15.32618592106688737</north>
                <south>15.24310247648172378</south>
                <east>99.48624313711226819</east>
                <west>99.40061132531904775</west>
              </LatLonBox>
            </GroundOverlay>
          </Folder>
          <Folder>
            <name>kml_image_HKK_TOPO_L5_7_4</name>
            <Region>
              <LatLonAltBox>
                <north>15.24310247648172378</north>
                <south>15.16001903189656197</south>
                <east>99.40061132531904775</east>
                <west>99.31497951352581310</west>
              </LatLonAltBox>
              <Lod>
                <minLodPixels>512</minLodPixels>
                <maxLodPixels>-1</maxLodPixels>
              </Lod>
            </Region>
            <GroundOverlay>
              <drawOrder>5</drawOrder>
              <gx:altitudeMode>clampToSeaFloor</gx:altitudeMode>
              <Icon>
                <href>kml_image_HKK_TOPO_L5_7_4.jpg</href>
              </Icon>
              <LatLonBox>
                <north>15.24310247648172378</north>
                <south>15.16001903189656197</south>
                <east>99.40061132531904775</east>
                <west>99.31497951352581310</west>
              </LatLonBox>
            </GroundOverlay>
          </Folder>
          <Folder>
            <name>kml_image_HKK_TOPO_L5_7_5</name>
            <Region>
              <LatLonAltBox>
                <north>15.24310247648172378</north>
                <south>15.16001903189656197</south>
                <east>99.48624313711226819</east>
                <west>99.40061132531904775</west>
              </LatLonAltBox>
              <Lod>
                <minLodPixels>512</minLodPixels>
                <maxLodPixels>-1</maxLodPixels>
              </Lod>
            </Region>
            <GroundOverlay>
              <drawOrder>5</drawOrder>
              <gx:altitudeMode>clampToSeaFloor</gx:altitudeMode>
              <Icon>
                <href>kml_image_HKK_TOPO_L5_7_5.jpg</href>
              </Icon>
              <LatLonBox>
                <north>15.24310247648172378</north>
                <south>15.16001903189656197</south>
                <east>99.48624313711226819</east>
                <west>99.40061132531904775</west>
              </LatLonBox>
            </GroundOverlay>
          </Folder>
        </Folder>
      </Folder>
    </Folder>
    <Folder>
      <name>kml_image_HKK_TOPO_L2_1_0</name>
      <Region>
        <LatLonAltBox>
          <north>15.16001903189656197</north>
          <south>14.93032251664207344</south>
          <east>99.48699576045810034</east>
          <west>98.97245226635291715</west>
        </LatLonAltBox>
        <Lod>
          <minLodPixels>261</minLodPixels>
          <maxLodPixels>2049</maxLodPixels>
        </Lod>
      </Region>
      <GroundOverlay>
        <drawOrder>2</drawOrder>
        <gx:altitudeMode>clampToSeaFloor</gx:altitudeMode>
        <Icon>
          <href>kml_image_HKK_TOPO_L2_1_0.jpg</href>
        </Icon>
        <LatLonBox>
          <north>15.16001903189656197</north>
          <south>14.93032251664207344</south>
          <east>99.48699576045810034</east>
          <west>98.97245226635291715</west>
        </LatLonBox>
      </GroundOverlay>
      <Folder>
        <name>kml_image_HKK_TOPO_L3_2_0</name>
        <Region>
          <LatLonAltBox>
            <north>15.16001903189656197</north>
            <south>14.93032251664207344</south>
            <east>99.31497951352581310</east>
            <west>98.97245226635291715</west>
          </LatLonAltBox>
          <Lod>
            <minLodPixels>426</minLodPixels>
            <maxLodPixels>2049</maxLodPixels>
          </Lod>
        </Region>
        <GroundOverlay>
          <drawOrder>3</drawOrder>
          <gx:altitudeMode>clampToSeaFloor</gx:altitudeMode>
          <Icon>
            <href>kml_image_HKK_TOPO_L3_2_0.jpg</href>
          </Icon>
          <LatLonBox>
            <north>15.16001903189656197</north>
            <south>14.93032251664207344</south>
            <east>99.31497951352581310</east>
            <west>98.97245226635291715</west>
          </LatLonBox>
        </GroundOverlay>
        <Folder>
          <name>kml_image_HKK_TOPO_L4_4_0</name>
          <Region>
            <LatLonAltBox>
              <north>15.16001903189656197</north>
              <south>14.99385214272623656</south>
              <east>99.14371588993937223</east>
              <west>98.97245226635291715</west>
            </LatLonAltBox>
            <Lod>
              <minLodPixels>512</minLodPixels>
              <maxLodPixels>2049</maxLodPixels>
            </Lod>
          </Region>
          <GroundOverlay>
            <drawOrder>4</drawOrder>
            <gx:altitudeMode>clampToSeaFloor</gx:altitudeMode>
            <Icon>
              <href>kml_image_HKK_TOPO_L4_4_0.jpg</href>
            </Icon>
            <LatLonBox>
              <north>15.16001903189656197</north>
              <south>14.99385214272623656</south>
              <east>99.14371588993937223</east>
              <west>98.97245226635291715</west>
            </LatLonBox>
          </GroundOverlay>
          <Folder>
            <name>kml_image_HKK_TOPO_L5_8_0</name>
            <Region>
              <LatLonAltBox>
                <north>15.16001903189656197</north>
                <south>15.07693558731139838</south>
                <east>99.05808407814613759</east>
                <west>98.97245226635291715</west>
              </LatLonAltBox>
              <Lod>
                <minLodPixels>512</minLodPixels>
                <maxLodPixels>-1</maxLodPixels>
              </Lod>
            </Region>
            <GroundOverlay>
              <drawOrder>5</drawOrder>
              <gx:altitudeMode>clampToSeaFloor</gx:altitudeMode>
              <Icon>
                <href>kml_image_HKK_TOPO_L5_8_0.jpg</href>
              </Icon>
              <LatLonBox>
                <north>15.16001903189656197</north>
                <south>15.07693558731139838</south>
                <east>99.05808407814613759</east>
                <west>98.97245226635291715</west>
              </LatLonBox>
            </GroundOverlay>
          </Folder>
          <Folder>
            <name>kml_image_HKK_TOPO_L5_8_1</name>
            <Region>
              <LatLonAltBox>
                <north>15.16001903189656197</north>
                <south>15.07693558731139838</south>
                <east>99.14371588993937223</east>
                <west>99.05808407814613759</west>
              </LatLonAltBox>
              <Lod>
                <minLodPixels>512</minLodPixels>
                <maxLodPixels>-1</maxLodPixels>
              </Lod>
            </Region>
            <GroundOverlay>
              <drawOrder>5</drawOrder>
              <gx:altitudeMode>clampToSeaFloor</gx:altitudeMode>
              <Icon>
                <href>kml_image_HKK_TOPO_L5_8_1.jpg</href>
              </Icon>
              <LatLonBox>
                <north>15.16001903189656197</north>
                <south>15.07693558731139838</south>
                <east>99.14371588993937223</east>
                <west>99.05808407814613759</west>
              </LatLonBox>
            </GroundOverlay>
          </Folder>
          <Folder>
            <name>kml_image_HKK_TOPO_L5_9_0</name>
            <Region>
              <LatLonAltBox>
                <north>15.07693558731139838</north>
                <south>14.99385214272623656</south>
                <east>99.05808407814613759</east>
                <west>98.97245226635291715</west>
              </LatLonAltBox>
              <Lod>
                <minLodPixels>512</minLodPixels>
                <maxLodPixels>-1</maxLodPixels>
              </Lod>
            </Region>
            <GroundOverlay>
              <drawOrder>5</drawOrder>
              <gx:altitudeMode>clampToSeaFloor</gx:altitudeMode>
              <Icon>
                <href>kml_image_HKK_TOPO_L5_9_0.jpg</href>
              </Icon>
              <LatLonBox>
                <north>15.07693558731139838</north>
                <south>14.99385214272623656</south>
                <east>99.05808407814613759</east>
                <west>98.97245226635291715</west>
              </LatLonBox>
            </GroundOverlay>
          </Folder>
          <Folder>
            <name>kml_image_HKK_TOPO_L5_9_1</name>
            <Region>
              <LatLonAltBox>
                <north>15.07693558731139838</north>
                <south>14.99385214272623656</south>
                <east>99.14371588993937223</east>
                <west>99.05808407814613759</west>
              </LatLonAltBox>
              <Lod>
                <minLodPixels>512</minLodPixels>
                <maxLodPixels>-1</maxLodPixels>
              </Lod>
            </Region>
            <GroundOverlay>
              <drawOrder>5</drawOrder>
              <gx:altitudeMode>clampToSeaFloor</gx:altitudeMode>
              <Icon>
                <href>kml_image_HKK_TOPO_L5_9_1.jpg</href>
              </Icon>
              <LatLonBox>
                <north>15.07693558731139838</north>
                <south>14.99385214272623656</south>
                <east>99.14371588993937223</east>
                <west>99.05808407814613759</west>
              </LatLonBox>
            </GroundOverlay>
          </Folder>
        </Folder>
        <Folder>
          <name>kml_image_HKK_TOPO_L4_4_1</name>
          <Region>
            <LatLonAltBox>
              <north>15.16001903189656197</north>
              <south>14.99385214272623656</south>
              <east>99.31497951352581310</east>
              <west>99.14371588993937223</west>
            </LatLonAltBox>
            <Lod>
              <minLodPixels>512</minLodPixels>
              <maxLodPixels>2049</maxLodPixels>
            </Lod>
          </Region>
          <GroundOverlay>
            <drawOrder>4</drawOrder>
            <gx:altitudeMode>clampToSeaFloor</gx:altitudeMode>
            <Icon>
              <href>kml_image_HKK_TOPO_L4_4_1.jpg</href>
            </Icon>
            <LatLonBox>
              <north>15.16001903189656197</north>
              <south>14.99385214272623656</south>
              <east>99.31497951352581310</east>
              <west>99.14371588993937223</west>
            </LatLonBox>
          </GroundOverlay>
          <Folder>
            <name>kml_image_HKK_TOPO_L5_8_2</name>
            <Region>
              <LatLonAltBox>
                <north>15.16001903189656197</north>
                <south>15.07693558731139838</south>
                <east>99.22934770173259267</east>
                <west>99.14371588993937223</west>
              </LatLonAltBox>
              <Lod>
                <minLodPixels>512</minLodPixels>
                <maxLodPixels>-1</maxLodPixels>
              </Lod>
            </Region>
            <GroundOverlay>
              <drawOrder>5</drawOrder>
              <gx:altitudeMode>clampToSeaFloor</gx:altitudeMode>
              <Icon>
                <href>kml_image_HKK_TOPO_L5_8_2.jpg</href>
              </Icon>
              <LatLonBox>
                <north>15.16001903189656197</north>
                <south>15.07693558731139838</south>
                <east>99.22934770173259267</east>
                <west>99.14371588993937223</west>
              </LatLonBox>
            </GroundOverlay>
          </Folder>
          <Folder>
            <name>kml_image_HKK_TOPO_L5_8_3</name>
            <Region>
              <LatLonAltBox>
                <north>15.16001903189656197</north>
                <south>15.07693558731139838</south>
                <east>99.31497951352581310</east>
                <west>99.22934770173259267</west>
              </LatLonAltBox>
              <Lod>
                <minLodPixels>512</minLodPixels>
                <maxLodPixels>-1</maxLodPixels>
              </Lod>
            </Region>
            <GroundOverlay>
              <drawOrder>5</drawOrder>
              <gx:altitudeMode>clampToSeaFloor</gx:altitudeMode>
              <Icon>
                <href>kml_image_HKK_TOPO_L5_8_3.jpg</href>
              </Icon>
              <LatLonBox>
                <north>15.16001903189656197</north>
                <south>15.07693558731139838</south>
                <east>99.31497951352581310</east>
                <west>99.22934770173259267</west>
              </LatLonBox>
            </GroundOverlay>
          </Folder>
          <Folder>
            <name>kml_image_HKK_TOPO_L5_9_2</name>
            <Region>
              <LatLonAltBox>
                <north>15.07693558731139838</north>
                <south>14.99385214272623656</south>
                <east>99.22934770173259267</east>
                <west>99.14371588993937223</west>
              </LatLonAltBox>
              <Lod>
                <minLodPixels>512</minLodPixels>
                <maxLodPixels>-1</maxLodPixels>
              </Lod>
            </Region>
            <GroundOverlay>
              <drawOrder>5</drawOrder>
              <gx:altitudeMode>clampToSeaFloor</gx:altitudeMode>
              <Icon>
                <href>kml_image_HKK_TOPO_L5_9_2.jpg</href>
              </Icon>
              <LatLonBox>
                <north>15.07693558731139838</north>
                <south>14.99385214272623656</south>
                <east>99.22934770173259267</east>
                <west>99.14371588993937223</west>
              </LatLonBox>
            </GroundOverlay>
          </Folder>
          <Folder>
            <name>kml_image_HKK_TOPO_L5_9_3</name>
            <Region>
              <LatLonAltBox>
                <north>15.07693558731139838</north>
                <south>14.99385214272623656</south>
                <east>99.31497951352581310</east>
                <west>99.22934770173259267</west>
              </LatLonAltBox>
              <Lod>
                <minLodPixels>512</minLodPixels>
                <maxLodPixels>-1</maxLodPixels>
              </Lod>
            </Region>
            <GroundOverlay>
              <drawOrder>5</drawOrder>
              <gx:altitudeMode>clampToSeaFloor</gx:altitudeMode>
              <Icon>
                <href>kml_image_HKK_TOPO_L5_9_3.jpg</href>
              </Icon>
              <LatLonBox>
                <north>15.07693558731139838</north>
                <south>14.99385214272623656</south>
                <east>99.31497951352581310</east>
                <west>99.22934770173259267</west>
              </LatLonBox>
            </GroundOverlay>
          </Folder>
        </Folder>
        <Folder>
          <name>kml_image_HKK_TOPO_L4_5_0</name>
          <Region>
            <LatLonAltBox>
              <north>14.99385214272623656</north>
              <south>14.93032251664207344</south>
              <east>99.14371588993937223</east>
              <west>98.97245226635291715</west>
            </LatLonAltBox>
            <Lod>
              <minLodPixels>317</minLodPixels>
              <maxLodPixels>2049</maxLodPixels>
            </Lod>
          </Region>
          <GroundOverlay>
            <drawOrder>4</drawOrder>
            <gx:altitudeMode>clampToSeaFloor</gx:altitudeMode>
            <Icon>
              <href>kml_image_HKK_TOPO_L4_5_0.jpg</href>
            </Icon>
            <LatLonBox>
              <north>14.99385214272623656</north>
              <south>14.93032251664207344</south>
              <east>99.14371588993937223</east>
              <west>98.97245226635291715</west>
            </LatLonBox>
          </GroundOverlay>
          <Folder>
            <name>kml_image_HKK_TOPO_L5_10_0</name>
            <Region>
              <LatLonAltBox>
                <north>14.99385214272623656</north>
                <south>14.93032251664207344</south>
                <east>99.05808407814613759</east>
                <west>98.97245226635291715</west>
              </LatLonAltBox>
              <Lod>
                <minLodPixels>448</minLodPixels>
                <maxLodPixels>-1</maxLodPixels>
              </Lod>
            </Region>
            <GroundOverlay>
              <drawOrder>5</drawOrder>
              <gx:altitudeMode>clampToSeaFloor</gx:altitudeMode>
              <Icon>
                <href>kml_image_HKK_TOPO_L5_10_0.jpg</href>
              </Icon>
              <LatLonBox>
                <north>14.99385214272623656</north>
                <south>14.93032251664207344</south>
                <east>99.05808407814613759</east>
                <west>98.97245226635291715</west>
              </LatLonBox>
            </GroundOverlay>
          </Folder>
          <Folder>
            <name>kml_image_HKK_TOPO_L5_10_1</name>
            <Region>
              <LatLonAltBox>
                <north>14.99385214272623656</north>
                <south>14.93032251664207344</south>
                <east>99.14371588993937223</east>
                <west>99.05808407814613759</west>
              </LatLonAltBox>
              <Lod>
                <minLodPixels>448</minLodPixels>
                <maxLodPixels>-1</maxLodPixels>
              </Lod>
            </Region>
            <GroundOverlay>
              <drawOrder>5</drawOrder>
              <gx:altitudeMode>clampToSeaFloor</gx:altitudeMode>
              <Icon>
                <href>kml_image_HKK_TOPO_L5_10_1.jpg</href>
              </Icon>
              <LatLonBox>
                <north>14.99385214272623656</north>
                <south>14.93032251664207344</south>
                <east>99.14371588993937223</east>
                <west>99.05808407814613759</west>
              </LatLonBox>
            </GroundOverlay>
          </Folder>
        </Folder>
        <Folder>
          <name>kml_image_HKK_TOPO_L4_5_1</name>
          <Region>
            <LatLonAltBox>
              <north>14.99385214272623656</north>
              <south>14.93032251664207344</south>
              <east>99.31497951352581310</east>
              <west>99.14371588993937223</west>
            </LatLonAltBox>
            <Lod>
              <minLodPixels>317</minLodPixels>
              <maxLodPixels>2049</maxLodPixels>
            </Lod>
          </Region>
          <GroundOverlay>
            <drawOrder>4</drawOrder>
            <gx:altitudeMode>clampToSeaFloor</gx:altitudeMode>
            <Icon>
              <href>kml_image_HKK_TOPO_L4_5_1.jpg</href>
            </Icon>
            <LatLonBox>
              <north>14.99385214272623656</north>
              <south>14.93032251664207344</south>
              <east>99.31497951352581310</east>
              <west>99.14371588993937223</west>
            </LatLonBox>
          </GroundOverlay>
          <Folder>
            <name>kml_image_HKK_TOPO_L5_10_2</name>
            <Region>
              <LatLonAltBox>
                <north>14.99385214272623656</north>
                <south>14.93032251664207344</south>
                <east>99.22934770173259267</east>
                <west>99.14371588993937223</west>
              </LatLonAltBox>
              <Lod>
                <minLodPixels>448</minLodPixels>
                <maxLodPixels>-1</maxLodPixels>
              </Lod>
            </Region>
            <GroundOverlay>
              <drawOrder>5</drawOrder>
              <gx:altitudeMode>clampToSeaFloor</gx:altitudeMode>
              <Icon>
                <href>kml_image_HKK_TOPO_L5_10_2.jpg</href>
              </Icon>
              <LatLonBox>
                <north>14.99385214272623656</north>
                <south>14.93032251664207344</south>
                <east>99.22934770173259267</east>
                <west>99.14371588993937223</west>
              </LatLonBox>
            </GroundOverlay>
          </Folder>
          <Folder>
            <name>kml_image_HKK_TOPO_L5_10_3</name>
            <Region>
              <LatLonAltBox>
                <north>14.99385214272623656</north>
                <south>14.93032251664207344</south>
                <east>99.31497951352581310</east>
                <west>99.22934770173259267</west>
              </LatLonAltBox>
              <Lod>
                <minLodPixels>448</minLodPixels>
                <maxLodPixels>-1</maxLodPixels>
              </Lod>
            </Region>
            <GroundOverlay>
              <drawOrder>5</drawOrder>
              <gx:altitudeMode>clampToSeaFloor</gx:altitudeMode>
              <Icon>
                <href>kml_image_HKK_TOPO_L5_10_3.jpg</href>
              </Icon>
              <LatLonBox>
                <north>14.99385214272623656</north>
                <south>14.93032251664207344</south>
                <east>99.31497951352581310</east>
                <west>99.22934770173259267</west>
              </LatLonBox>
            </GroundOverlay>
          </Folder>
        </Folder>
      </Folder>
      <Folder>
        <name>kml_image_HKK_TOPO_L3_2_1</name>
        <Region>
          <LatLonAltBox>
            <north>15.16001903189656197</north>
            <south>14.93032251664207344</south>
            <east>99.48699576045810034</east>
            <west>99.31497951352581310</west>
          </LatLonAltBox>
          <Lod>
            <minLodPixels>302</minLodPixels>
            <maxLodPixels>2049</maxLodPixels>
          </Lod>
        </Region>
        <GroundOverlay>
          <drawOrder>3</drawOrder>
          <gx:altitudeMode>clampToSeaFloor</gx:altitudeMode>
          <Icon>
            <href>kml_image_HKK_TOPO_L3_2_1.jpg</href>
          </Icon>
          <LatLonBox>
            <north>15.16001903189656197</north>
            <south>14.93032251664207344</south>
            <east>99.48699576045810034</east>
            <west>99.31497951352581310</west>
          </LatLonBox>
        </GroundOverlay>
        <Folder>
          <name>kml_image_HKK_TOPO_L4_4_2</name>
          <Region>
            <LatLonAltBox>
              <north>15.16001903189656197</north>
              <south>14.99385214272623656</south>
              <east>99.48624313711226819</east>
              <west>99.31497951352581310</west>
            </LatLonAltBox>
            <Lod>
              <minLodPixels>512</minLodPixels>
              <maxLodPixels>2049</maxLodPixels>
            </Lod>
          </Region>
          <GroundOverlay>
            <drawOrder>4</drawOrder>
            <gx:altitudeMode>clampToSeaFloor</gx:altitudeMode>
            <Icon>
              <href>kml_image_HKK_TOPO_L4_4_2.jpg</href>
            </Icon>
            <LatLonBox>
              <north>15.16001903189656197</north>
              <south>14.99385214272623656</south>
              <east>99.48624313711226819</east>
              <west>99.31497951352581310</west>
            </LatLonBox>
          </GroundOverlay>
          <Folder>
            <name>kml_image_HKK_TOPO_L5_8_4</name>
            <Region>
              <LatLonAltBox>
                <north>15.16001903189656197</north>
                <south>15.07693558731139838</south>
                <east>99.40061132531904775</east>
                <west>99.31497951352581310</west>
              </LatLonAltBox>
              <Lod>
                <minLodPixels>512</minLodPixels>
                <maxLodPixels>-1</maxLodPixels>
              </Lod>
            </Region>
            <GroundOverlay>
              <drawOrder>5</drawOrder>
              <gx:altitudeMode>clampToSeaFloor</gx:altitudeMode>
              <Icon>
                <href>kml_image_HKK_TOPO_L5_8_4.jpg</href>
              </Icon>
              <LatLonBox>
                <north>15.16001903189656197</north>
                <south>15.07693558731139838</south>
                <east>99.40061132531904775</east>
                <west>99.31497951352581310</west>
              </LatLonBox>
            </GroundOverlay>
          </Folder>
          <Folder>
            <name>kml_image_HKK_TOPO_L5_8_5</name>
            <Region>
              <LatLonAltBox>
                <north>15.16001903189656197</north>
                <south>15.07693558731139838</south>
                <east>99.48624313711226819</east>
                <west>99.40061132531904775</west>
              </LatLonAltBox>
              <Lod>
                <minLodPixels>512</minLodPixels>
                <maxLodPixels>-1</maxLodPixels>
              </Lod>
            </Region>
            <GroundOverlay>
              <drawOrder>5</drawOrder>
              <gx:altitudeMode>clampToSeaFloor</gx:altitudeMode>
              <Icon>
                <href>kml_image_HKK_TOPO_L5_8_5.jpg</href>
              </Icon>
              <LatLonBox>
                <north>15.16001903189656197</north>
                <south>15.07693558731139838</south>
                <east>99.48624313711226819</east>
                <west>99.40061132531904775</west>
              </LatLonBox>
            </GroundOverlay>
          </Folder>
          <Folder>
            <name>kml_image_HKK_TOPO_L5_9_4</name>
            <Region>
              <LatLonAltBox>
                <north>15.07693558731139838</north>
                <south>14.99385214272623656</south>
                <east>99.40061132531904775</east>
                <west>99.31497951352581310</west>
              </LatLonAltBox>
              <Lod>
                <minLodPixels>512</minLodPixels>
                <maxLodPixels>-1</maxLodPixels>
              </Lod>
            </Region>
            <GroundOverlay>
              <drawOrder>5</drawOrder>
              <gx:altitudeMode>clampToSeaFloor</gx:altitudeMode>
              <Icon>
                <href>kml_image_HKK_TOPO_L5_9_4.jpg</href>
              </Icon>
              <LatLonBox>
                <north>15.07693558731139838</north>
                <south>14.99385214272623656</south>
                <east>99.40061132531904775</east>
                <west>99.31497951352581310</west>
              </LatLonBox>
            </GroundOverlay>
          </Folder>
          <Folder>
            <name>kml_image_HKK_TOPO_L5_9_5</name>
            <Region>
              <LatLonAltBox>
                <north>15.07693558731139838</north>
                <south>14.99385214272623656</south>
                <east>99.48624313711226819</east>
                <west>99.40061132531904775</west>
              </LatLonAltBox>
              <Lod>
                <minLodPixels>512</minLodPixels>
                <maxLodPixels>-1</maxLodPixels>
              </Lod>
            </Region>
            <GroundOverlay>
              <drawOrder>5</drawOrder>
              <gx:altitudeMode>clampToSeaFloor</gx:altitudeMode>
              <Icon>
                <href>kml_image_HKK_TOPO_L5_9_5.jpg</href>
              </Icon>
              <LatLonBox>
                <north>15.07693558731139838</north>
                <south>14.99385214272623656</south>
                <east>99.48624313711226819</east>
                <west>99.40061132531904775</west>
              </LatLonBox>
            </GroundOverlay>
          </Folder>
        </Folder>
        <Folder>
          <name>kml_image_HKK_TOPO_L4_5_2</name>
          <Region>
            <LatLonAltBox>
              <north>14.99385214272623656</north>
              <south>14.93032251664207344</south>
              <east>99.48624313711226819</east>
              <west>99.31497951352581310</west>
            </LatLonAltBox>
            <Lod>
              <minLodPixels>317</minLodPixels>
              <maxLodPixels>2049</maxLodPixels>
            </Lod>
          </Region>
          <GroundOverlay>
            <drawOrder>4</drawOrder>
            <gx:altitudeMode>clampToSeaFloor</gx:altitudeMode>
            <Icon>
              <href>kml_image_HKK_TOPO_L4_5_2.jpg</href>
            </Icon>
            <LatLonBox>
              <north>14.99385214272623656</north>
              <south>14.93032251664207344</south>
              <east>99.48624313711226819</east>
              <west>99.31497951352581310</west>
            </LatLonBox>
          </GroundOverlay>
          <Folder>
            <name>kml_image_HKK_TOPO_L5_10_4</name>
            <Region>
              <LatLonAltBox>
                <north>14.99385214272623656</north>
                <south>14.93032251664207344</south>
                <east>99.40061132531904775</east>
                <west>99.31497951352581310</west>
              </LatLonAltBox>
              <Lod>
                <minLodPixels>448</minLodPixels>
                <maxLodPixels>-1</maxLodPixels>
              </Lod>
            </Region>
            <GroundOverlay>
              <drawOrder>5</drawOrder>
              <gx:altitudeMode>clampToSeaFloor</gx:altitudeMode>
              <Icon>
                <href>kml_image_HKK_TOPO_L5_10_4.jpg</href>
              </Icon>
              <LatLonBox>
                <north>14.99385214272623656</north>
                <south>14.93032251664207344</south>
                <east>99.40061132531904775</east>
                <west>99.31497951352581310</west>
              </LatLonBox>
            </GroundOverlay>
          </Folder>
          <Folder>
            <name>kml_image_HKK_TOPO_L5_10_5</name>
            <Region>
              <LatLonAltBox>
                <north>14.99385214272623656</north>
                <south>14.93032251664207344</south>
                <east>99.48624313711226819</east>
                <west>99.40061132531904775</west>
              </LatLonAltBox>
              <Lod>
                <minLodPixels>448</minLodPixels>
                <maxLodPixels>-1</maxLodPixels>
              </Lod>
            </Region>
            <GroundOverlay>
              <drawOrder>5</drawOrder>
              <gx:altitudeMode>clampToSeaFloor</gx:altitudeMode>
              <Icon>
                <href>kml_image_HKK_TOPO_L5_10_5.jpg</href>
              </Icon>
              <LatLonBox>
                <north>14.99385214272623656</north>
                <south>14.93032251664207344</south>
                <east>99.48624313711226819</east>
                <west>99.40061132531904775</west>
              </LatLonBox>
            </GroundOverlay>
          </Folder>
        </Folder>
      </Folder>
    </Folder>
  </Folder>
</Document>
</kml>
